"","Run","Sex","age","genotype","Name","HD"
"1","SRR1794281","female","6m","Q111","female_Q111_6m","HD_6m"
"2","SRR1794282","female","6m","Q111","female_Q111_6m","HD_6m"
"3","SRR1794283","female","6m","Q111","female_Q111_6m","HD_6m"
"4","SRR1794284","female","6m","Q111","female_Q111_6m","HD_6m"
"5","SRR1794285","male","6m","Q111","male_Q111_6m","HD_6m"
"6","SRR1794286","male","6m","Q111","male_Q111_6m","HD_6m"
"7","SRR1794287","male","6m","Q111","male_Q111_6m","HD_6m"
"8","SRR1794288","male","6m","Q111","male_Q111_6m","HD_6m"
"9","SRR1794289","female","10m","Q111","female_Q111_10m","HD_10m"
"10","SRR1794290","female","10m","Q111","female_Q111_10m","HD_10m"
"11","SRR1794291","female","10m","Q111","female_Q111_10m","HD_10m"
"12","SRR1794292","female","10m","Q111","female_Q111_10m","HD_10m"
"13","SRR1794293","male","10m","Q111","male_Q111_10m","HD_10m"
"14","SRR1794294","male","10m","Q111","male_Q111_10m","HD_10m"
"15","SRR1794295","male","10m","Q111","male_Q111_10m","HD_10m"
"16","SRR1794296","male","10m","Q111","male_Q111_10m","HD_10m"
"17","SRR1794305","female","6m","Q140","female_Q140_6m","HD_6m"
"18","SRR1794306","female","6m","Q140","female_Q140_6m","HD_6m"
"19","SRR1794307","female","6m","Q140","female_Q140_6m","HD_6m"
"20","SRR1794308","female","6m","Q140","female_Q140_6m","HD_6m"
"21","SRR1794309","male","6m","Q140","male_Q140_6m","HD_6m"
"22","SRR1794310","male","6m","Q140","male_Q140_6m","HD_6m"
"23","SRR1794311","male","6m","Q140","male_Q140_6m","HD_6m"
"24","SRR1794312","male","6m","Q140","male_Q140_6m","HD_6m"
"25","SRR1794313","female","10m","Q140","female_Q140_10m","HD_10m"
"26","SRR1794314","female","10m","Q140","female_Q140_10m","HD_10m"
"27","SRR1794315","female","10m","Q140","female_Q140_10m","HD_10m"
"28","SRR1794316","female","10m","Q140","female_Q140_10m","HD_10m"
"29","SRR1794317","male","10m","Q140","male_Q140_10m","HD_10m"
"30","SRR1794318","male","10m","Q140","male_Q140_10m","HD_10m"
"31","SRR1794319","male","10m","Q140","male_Q140_10m","HD_10m"
"32","SRR1794320","male","10m","Q140","male_Q140_10m","HD_10m"
"33","SRR1794329","female","6m","Q175","female_Q175_6m","HD_6m"
"34","SRR1794330","female","6m","Q175","female_Q175_6m","HD_6m"
"35","SRR1794331","female","6m","Q175","female_Q175_6m","HD_6m"
"36","SRR1794332","female","6m","Q175","female_Q175_6m","HD_6m"
"37","SRR1794333","male","6m","Q175","male_Q175_6m","HD_6m"
"38","SRR1794334","male","6m","Q175","male_Q175_6m","HD_6m"
"39","SRR1794336","male","6m","Q175","male_Q175_6m","HD_6m"
"40","SRR1794337","female","10m","Q175","female_Q175_10m","HD_10m"
"41","SRR1794338","female","10m","Q175","female_Q175_10m","HD_10m"
"42","SRR1794339","female","10m","Q175","female_Q175_10m","HD_10m"
"43","SRR1794340","female","10m","Q175","female_Q175_10m","HD_10m"
"44","SRR1794341","male","10m","Q175","male_Q175_10m","HD_10m"
"45","SRR1794342","male","10m","Q175","male_Q175_10m","HD_10m"
"46","SRR1794343","male","10m","Q175","male_Q175_10m","HD_10m"
"47","SRR1794344","male","10m","Q175","male_Q175_10m","HD_10m"
"48","SRR1794353","female","6m","Q20","female_Q20_6m","WT_6m"
"49","SRR1794354","female","6m","Q20","female_Q20_6m","WT_6m"
"50","SRR1794355","female","6m","Q20","female_Q20_6m","WT_6m"
"51","SRR1794356","female","6m","Q20","female_Q20_6m","WT_6m"
"52","SRR1794357","male","6m","Q20","male_Q20_6m","WT_6m"
"53","SRR1794358","male","6m","Q20","male_Q20_6m","WT_6m"
"54","SRR1794359","male","6m","Q20","male_Q20_6m","WT_6m"
"55","SRR1794360","male","6m","Q20","male_Q20_6m","WT_6m"
"56","SRR1794361","female","10m","Q20","female_Q20_10m","WT_10m"
"57","SRR1794362","female","10m","Q20","female_Q20_10m","WT_10m"
"58","SRR1794363","female","10m","Q20","female_Q20_10m","WT_10m"
"59","SRR1794364","female","10m","Q20","female_Q20_10m","WT_10m"
"60","SRR1794365","male","10m","Q20","male_Q20_10m","WT_10m"
"61","SRR1794366","male","10m","Q20","male_Q20_10m","WT_10m"
"62","SRR1794367","male","10m","Q20","male_Q20_10m","WT_10m"
"63","SRR1794377","female","6m","Q80","female_Q80_6m","HD_6m"
"64","SRR1794378","female","6m","Q80","female_Q80_6m","HD_6m"
"65","SRR1794379","female","6m","Q80","female_Q80_6m","HD_6m"
"66","SRR1794380","female","6m","Q80","female_Q80_6m","HD_6m"
"67","SRR1794381","male","6m","Q80","male_Q80_6m","HD_6m"
"68","SRR1794382","male","6m","Q80","male_Q80_6m","HD_6m"
"69","SRR1794383","male","6m","Q80","male_Q80_6m","HD_6m"
"70","SRR1794384","male","6m","Q80","male_Q80_6m","HD_6m"
"71","SRR1794385","female","10m","Q80","female_Q80_10m","HD_10m"
"72","SRR1794386","female","10m","Q80","female_Q80_10m","HD_10m"
"73","SRR1794387","female","10m","Q80","female_Q80_10m","HD_10m"
"74","SRR1794388","female","10m","Q80","female_Q80_10m","HD_10m"
"75","SRR1794389","male","10m","Q80","male_Q80_10m","HD_10m"
"76","SRR1794390","male","10m","Q80","male_Q80_10m","HD_10m"
"77","SRR1794391","male","10m","Q80","male_Q80_10m","HD_10m"
"78","SRR1794392","male","10m","Q80","male_Q80_10m","HD_10m"
"79","SRR1794401","female","6m","Q92","female_Q92_6m","HD_6m"
"80","SRR1794402","female","6m","Q92","female_Q92_6m","HD_6m"
"81","SRR1794403","female","6m","Q92","female_Q92_6m","HD_6m"
"82","SRR1794404","female","6m","Q92","female_Q92_6m","HD_6m"
"83","SRR1794405","male","6m","Q92","male_Q92_6m","HD_6m"
"84","SRR1794406","male","6m","Q92","male_Q92_6m","HD_6m"
"85","SRR1794407","male","6m","Q92","male_Q92_6m","HD_6m"
"86","SRR1794408","male","6m","Q92","male_Q92_6m","HD_6m"
"87","SRR1794409","female","10m","Q92","female_Q92_10m","HD_10m"
"88","SRR1794410","female","10m","Q92","female_Q92_10m","HD_10m"
"89","SRR1794411","female","10m","Q92","female_Q92_10m","HD_10m"
"90","SRR1794412","female","10m","Q92","female_Q92_10m","HD_10m"
"91","SRR1794413","male","10m","Q92","male_Q92_10m","HD_10m"
"92","SRR1794414","male","10m","Q92","male_Q92_10m","HD_10m"
"93","SRR1794415","male","10m","Q92","male_Q92_10m","HD_10m"
"94","SRR1794416","male","10m","Q92","male_Q92_10m","HD_10m"
"95","SRR1794433","female","10m","WT","female_WT_10m","WT_10m"
"96","SRR1794434","female","10m","WT","female_WT_10m","WT_10m"
"97","SRR1794435","female","10m","WT","female_WT_10m","WT_10m"
"98","SRR1794436","female","10m","WT","female_WT_10m","WT_10m"
"99","SRR1794437","male","10m","WT","male_WT_10m","WT_10m"
"100","SRR1794438","male","10m","WT","male_WT_10m","WT_10m"
"101","SRR1794439","male","10m","WT","male_WT_10m","WT_10m"
"102","SRR1794440","male","10m","WT","male_WT_10m","WT_10m"
